nama_kecamatan;nama_desa
Babadan;Babadan
Babadan;Bareng
Babadan;Cekok
Babadan;Gupolo
Babadan;Japan
Babadan;Lembah
Babadan;Ngunut
Babadan;Pondok
Babadan;Polorejo
Babadan;Purwosari
Babadan;Sukosari
Babadan;Trisono
Babadan;Kadipaten
Babadan;Kertosari
Babadan;Patihan Wetan
Badegan;Badegan
Badegan;Biting
Badegan;Bandaralim
Badegan;Dayakan
Badegan;Kapuran
Badegan;Karangan
Badegan;Karangjoho
Badegan;Tanjunggunung
Badegan;Tanjungrejo
Badegan;Watubonang
Balong;Bajang
Balong;Balong
Balong;Bulak
Balong;Bulukidul
Balong;Dadapan
Balong;Jalen
Balong;Karangan
Balong;Karangmojo
Balong;Karangpatihan
Balong;Muneng
Balong;Ngampel
Balong;Ngendut
Balong;Ngraket
Balong;Ngumpul
Balong;Pandak
Balong;Purworejo
Balong;Sedarat
Balong;Singkil
Balong;Sumberejo
Balong;Tatung
Bungkal;Bancar
Bungkal;Bedikulon
Bungkal;Bediwetan
Bungkal;Belang
Bungkal;Bekare
Bungkal;Bungkal
Bungkal;Bungu
Bungkal;Kalisat
Bungkal;Ketonggo
Bungkal;Koripan
Bungkal;Kunti
Bungkal;Kupuk
Bungkal;Kwajon
Bungkal;Munggu
Bungkal;Nambak
Bungkal;Padas
Bungkal;Pager
Bungkal;Pelem
Bungkal;Sambilawang
Jambon;Blembem
Jambon;Bringinan
Jambon;Bulu Lor
Jambon;Jambon
Jambon;Jonggol
Jambon;Karanglo Kidul
Jambon;Krebet
Jambon;Menang
Jambon;Pulosari
Jambon;Poko
Jambon;Sendang
Jambon;Srandil
Jambon;Sidoharjo
Jenangan;Jenangan
Jenangan;Jimbe
Jenangan;Kemiri
Jenangan;Mrican
Jenangan;Nglayang
Jenangan;Ngrupit
Jenangan;Panjeng
Jenangan;Paringan
Jenangan;Pintu
Jenangan;Plalangan
Jenangan;Sedah
Jenangan;Semanding
Jenangan;Sraten
Jenangan;Tanjungsari
Jenangan;Wates
Jenangan;Setono
Jenangan;Singosaren
Jetis;Coper
Jetis;Jetis
Jetis;Josari
Jetis;Karanggebang
Jetis;Kradenan
Jetis;Kutukulon
Jetis;Kutuwetan
Jetis;Mojorejo
Jetis;Mojomati
Jetis;Ngasinan
Jetis;Tegalsari
Jetis;Turi
Jetis;Winong
Jetis;Wonoketro
Kauman;Bringin
Kauman;Carat
Kauman;Ciluk
Kauman;Gabel
Kauman;Kauman
Kauman;Maron
Kauman;Nglarangan
Kauman;Ngrandu
Kauman;Nongkodono
Kauman;Pengkol
Kauman;Plosojenar
Kauman;Semanding
Kauman;Somoroto
Kauman;Sukosari
Kauman;Tegalombo
Kauman;Tosanan
Mlarak;Bajang
Mlarak;Candi
Mlarak;Gandu
Mlarak;Gontor
Mlarak;Jabung
Mlarak;Joresan
Mlarak;Kaponan
Mlarak;Mlarak
Mlarak;Ngrukem
Mlarak;Nglumpang
Mlarak;Serangan
Mlarak;Siwalan
Mlarak;Suren
Mlarak;Tugu
Mlarak;Totokan
Ngebel;Gondowido
Ngebel;Ngebel
Ngebel;Ngrogung
Ngebel;Pupus
Ngebel;Sahang
Ngebel;Sempu
Ngebel;Talun
Ngebel;Wagir Lor
Ngrayun;Baosankidul
Ngrayun;Baosanlor
Ngrayun;Binade
Ngrayun;Cepoko
Ngrayun;Gedangan
Ngrayun;Mrayan
Ngrayun;Ngrayun
Ngrayun;Selur
Ngrayun;Sendang
Ngrayun;Temon
Ngrayun;Wonodadi
Ponorogo;Bangunsari
Ponorogo;Banyudono
Ponorogo;Beduri
Ponorogo;Brotonegaran
Ponorogo;Cokromenggalan
Ponorogo;Jingglong
Ponorogo;Kauman
Ponorogo;Keniten
Ponorogo;Kepatihan
Ponorogo;Mangkujayan
Ponorogo;Nologaten
Ponorogo;Paju
Ponorogo;Pakunden
Ponorogo;Pinggirsari
Ponorogo;Purbosuman
Ponorogo;Surodikraman
Ponorogo;Tamanarum
Ponorogo;Tambakbayan
Ponorogo;Tonatan
Pudak;Banjarjo
Pudak;Bareng
Pudak;Krisik
Pudak;Pudak Kulon
Pudak;Pudak Wetan
Pudak;Tambang
Pulung;Banaran
Pulung;Bedrug
Pulung;Bekiring
Pulung;Karangpatihan
Pulung;Kesugihan
Pulung;Munggung
Pulung;Patik
Pulung;Plunturan
Pulung;Pomahan
Pulung;Pulung
Pulung;Pulung Merdiko
Pulung;Serag
Pulung;Sidoharjo
Pulung;Singgahan
Pulung;Tegalrejo
Pulung;Wagir Kidul
Pulung;Wayang
Pulung;Wotan
Sambit;Bancangan
Sambit;Bangsalan
Sambit;Bedingin
Sambit;Besuki
Sambit;Bulu
Sambit;Campurejo
Sambit;Campursari
Sambit;Gajah
Sambit;Jrakah
Sambit;Kemuning
Sambit;Maguwan
Sambit;Ngadisanan
Sambit;Nglewan
Sambit;Sambit
Sambit;Wilangan
Sambit;Wringinanom
Sampung;Carangrejo
Sampung;Gelangkulon
Sampung;Glinggang
Sampung;Jenangan
Sampung;Karangwaluh
Sampung;Kunti
Sampung;Nglurup
Sampung;Pagerukir
Sampung;Pohijo
Sampung;Ringinputih
Sampung;Sampung
Sampung;Tulung
Sawoo;Bondrang
Sawoo;Grogol
Sawoo;Ketro
Sawoo;Kori
Sawoo;Ngindeng
Sawoo;Pangkal
Sawoo;Prayungan
Sawoo;Sawoo
Sawoo;Sriti
Sawoo;Temon
Sawoo;Tempuran
Sawoo;Tugurejo
Sawoo;Tumpakpelem
Sawoo;Tumpuk
Siman;Beton
Siman;Brahu
Siman;Demangan
Siman;Jarak
Siman;Kepuhrubuh
Siman;Madusari
Siman;Manuk
Siman;Ngabar
Siman;Patihan Kidul
Siman;Pijeran
Siman;Ronosentanan
Siman;Sawuh
Siman;Sekaran
Siman;Siman
Siman;Tajug
Siman;Tranjang
Siman;Mangunsuman
Siman;Ronowijayan
Slahung;Broto
Slahung;Caluk
Slahung;Crabak
Slahung;Duri
Slahung;Galak
Slahung;Gombang
Slahung;Gundik
Slahung;Janti
Slahung;Jebeng
Slahung;Kambeng
Slahung;Menggare
Slahung;Mojopitu
Slahung;Nailan
Slahung;Ngilo-ilo
Slahung;Ngloning
Slahung;Plancungan
Slahung;Senepo
Slahung;Simo
Slahung;Slahung
Slahung;Truneng
Slahung;Tugurejo
Slahung;Wates
Sooko;Bedoho
Sooko;Jurug
Sooko;Klepu
Sooko;Ngadirojo
Sooko;Sooko
Sooko;Suru
Sukorejo;Bangunrejo
Sukorejo;Gandukepuh
Sukorejo;Gegeran
Sukorejo;Gelanglor
Sukorejo;Golan
Sukorejo;Kalimalang
Sukorejo;Karanglolor
Sukorejo;Kedungbanteng
Sukorejo;Kranggan
Sukorejo;Lengkong
Sukorejo;Morosari
Sukorejo;Nambangrejo
Sukorejo;Nampan
Sukorejo;Prajegan
Sukorejo;Serangan
Sukorejo;Sidorejo
Sukorejo;Sukorejo
Sukorejo;Sragi
